"Id";"Designator";"Package";"Quantity";"Designation";"Supplier and ref";
1;"G***";"deep logo";1;"LOGO";;;
2;"G***";"sslogo";1;"LOGO";;;
3;"REF**";"ESD-Logo_6.6x6mm_SilkScreen";1;"ESD-Logo_6.6x6mm_SilkScreen";;;
4;"SW3,SW1";"SW_PUSH_6mm_H5mm";2;"SW_DPDT_x2";;;
5;"R65,R64,R43,R42,R41,R40,R39,R38,R37,R36,R33,R32,R29,R25,R24,R21,R15,R14,R13,R12,R9,R63,R62,R61,R60,R59,R58,R57,R56,R55,R54,R53,R52,R51,R50,R49,R48,R47,R46,R45,R44,R35,R34,R31,R30,R28,R27,R26,R23,R22,R20,R19,R18,R17,R6,R11,R16,R8,R10,R5,R4,R1,R3,R7,R2";"R_0805_2012Metric_Pad1.15x1.40mm_HandSolder";65;"R_Small";;;
6;"Q8,Q7,Q10,Q9,Q5,Q6,Q4,Q3,Q2,Q1";"SOT-23";10;"Q_NMOS_GSD";;;
7;"H6";"MountingHole_2.2mm_M2_Pad_Via";1;"MountingHole";;;
8;"TP3,TP2,TP1";"TestPoint_Pad_D1.0mm";3;"TestPoint";;;
9;"J5,J4";"JST_EH_B3B-EH-A_1x03_P2.50mm_Vertical";2;"Conn_01x03";;;
10;"J2,J3";"JST_EH_B4B-EH-A_1x04_P2.50mm_Vertical";2;"Conn_01x04";;;
11;"C5,C4,C1,C2";"C_0805_2012Metric_Pad1.15x1.40mm_HandSolder";4;"C";;;
12;"J10";"JST_EH_B5B-EH-A_1x05_P2.50mm_Vertical";1;"Conn_01x05";;;
13;"H5";"MountingHole_2.2mm_M2";1;"MountingHole_Pad";;;
14;"H4,H3,H2,H1";"MountingHole_2.5mm_Pad_Via";4;"MountingHole";;;
15;"SW2";"switch_common";1;"SW_DPDT_x2";;;
16;"F1";"Fuseholder_Cylinder-5x20mm_Stelvio-Kontek_PTF78_Horizontal_Open";1;"Fuse";;;
17;"D12,D11,D10,D9,D6,D4,D3,D16,D15,D14,D13,D8,D7,D1";"LED_0805_2012Metric_Pad1.15x1.40mm_HandSolder";14;"LED";;;
18;"D5,D20,D19,D18,D17";"D_SMA";5;"DIODE";;;
19;"D2";"D_SMA";1;"D_TVS";;;
20;"C3";"CP_Elec_10x14.3";1;"CP1";;;
21;"U7,U6,U1,U2";"DIP-4_W7.62mm";4;"PC817";;;
22;"U3";"SOT-223";1;"AZ1117-3.3";;;
23;"U5";"TO-252-2";1;"L7805";;;
24;"Q14,Q13,Q12,Q11";"TO-252-2";4;"Q_PMOS_GDS";;;
25;"J9,J8,J7,J6";"JST_EH_B2B-EH-A_1x02_P2.50mm_Vertical";4;"Conn_01x02";;;
26;"J1";"BarrelJack_Horizontal";1;"Barrel_Jack";;;
27;"U4";"ESP-12E";1;"ESP-12E";;;
