<?xml version="1.0" encoding="UTF-8"?>
<export version="D">
  <design>
    <source>D:\Ki cad projects\LEVELCONTROLLER\LCU\LCU.sch</source>
    <date>2021-04-11 12:28:48 PM</date>
    <tool>Eeschema (5.1.6)-1</tool>
    <sheet number="1" name="/" tstamps="/">
      <title_block>
        <title>LCU</title>
        <company>DEEP TECHNOLOGIES</company>
        <rev>A</rev>
        <date>2021-02-28</date>
        <source>LCU.sch</source>
        <comment number="1" value="Er.PRADEEPKANDASAMY"/>
        <comment number="2" value=""/>
        <comment number="3" value=""/>
        <comment number="4" value=""/>
      </title_block>
    </sheet>
    <sheet number="2" name="/output/" tstamps="/606CE17C/">
      <title_block>
        <title/>
        <company/>
        <rev/>
        <date/>
        <source>output.sch</source>
        <comment number="1" value=""/>
        <comment number="2" value=""/>
        <comment number="3" value=""/>
        <comment number="4" value=""/>
      </title_block>
    </sheet>
  </design>
  <components>
    <comp ref="R2">
      <value>R_Small</value>
      <footprint>Resistor_SMD:R_0805_2012Metric_Pad1.15x1.40mm_HandSolder</footprint>
      <datasheet>~</datasheet>
      <libsource lib="Device" part="R_Small" description="Resistor, small symbol"/>
      <sheetpath names="/" tstamps="/"/>
      <tstamp>60456A04</tstamp>
    </comp>
    <comp ref="R7">
      <value>R_Small</value>
      <footprint>Resistor_SMD:R_0805_2012Metric_Pad1.15x1.40mm_HandSolder</footprint>
      <datasheet>~</datasheet>
      <libsource lib="Device" part="R_Small" description="Resistor, small symbol"/>
      <sheetpath names="/" tstamps="/"/>
      <tstamp>6045B028</tstamp>
    </comp>
    <comp ref="J2">
      <value>Conn_01x04</value>
      <footprint>Connector_JST:JST_EH_B4B-EH-A_1x04_P2.50mm_Vertical</footprint>
      <datasheet>~</datasheet>
      <libsource lib="Connector_Generic" part="Conn_01x04" description="Generic connector, single row, 01x04, script generated (kicad-library-utils/schlib/autogen/connector/)"/>
      <sheetpath names="/" tstamps="/"/>
      <tstamp>604864AC</tstamp>
    </comp>
    <comp ref="U3">
      <value>AZ1117-3.3</value>
      <footprint>Package_TO_SOT_SMD:SOT-223</footprint>
      <libsource lib="IO-CARD_REV_D-1-cache" part="AZ1117-3.3" description=""/>
      <sheetpath names="/" tstamps="/"/>
      <tstamp>604C8AC2</tstamp>
    </comp>
    <comp ref="J3">
      <value>Conn_01x04</value>
      <footprint>Connector_JST:JST_EH_B4B-EH-A_1x04_P2.50mm_Vertical</footprint>
      <datasheet>~</datasheet>
      <libsource lib="Connector_Generic" part="Conn_01x04" description="Generic connector, single row, 01x04, script generated (kicad-library-utils/schlib/autogen/connector/)"/>
      <sheetpath names="/" tstamps="/"/>
      <tstamp>604CC9E8</tstamp>
    </comp>
    <comp ref="C2">
      <value>C</value>
      <footprint>Capacitor_SMD:C_0805_2012Metric_Pad1.15x1.40mm_HandSolder</footprint>
      <datasheet>~</datasheet>
      <libsource lib="Device" part="C" description="Unpolarized capacitor"/>
      <sheetpath names="/" tstamps="/"/>
      <tstamp>60533A48</tstamp>
    </comp>
    <comp ref="J1">
      <value>Barrel_Jack</value>
      <footprint>Connector_BarrelJack:BarrelJack_Horizontal</footprint>
      <datasheet>~</datasheet>
      <libsource lib="Connector" part="Barrel_Jack" description="DC Barrel Jack"/>
      <sheetpath names="/" tstamps="/"/>
      <tstamp>6054B478</tstamp>
    </comp>
    <comp ref="F1">
      <value>Fuse</value>
      <footprint>Fuse:Fuseholder_Cylinder-5x20mm_Stelvio-Kontek_PTF78_Horizontal_Open</footprint>
      <datasheet>~</datasheet>
      <libsource lib="Device" part="Fuse" description="Fuse"/>
      <sheetpath names="/" tstamps="/"/>
      <tstamp>6054D115</tstamp>
    </comp>
    <comp ref="D5">
      <value>DIODE</value>
      <footprint>Diode_SMD:D_SMA</footprint>
      <datasheet>~</datasheet>
      <libsource lib="pspice" part="DIODE" description="Diode symbol for simulation only. Pin order incompatible with official kicad footprints"/>
      <sheetpath names="/" tstamps="/"/>
      <tstamp>605522A8</tstamp>
    </comp>
    <comp ref="D2">
      <value>D_TVS</value>
      <footprint>Diode_SMD:D_SMA</footprint>
      <datasheet>~</datasheet>
      <libsource lib="Device" part="D_TVS" description="Bidirectional transient-voltage-suppression diode"/>
      <sheetpath names="/" tstamps="/"/>
      <tstamp>605548B3</tstamp>
    </comp>
    <comp ref="U1">
      <value>PC817</value>
      <footprint>Package_DIP:DIP-4_W7.62mm</footprint>
      <datasheet>http://www.soselectronic.cz/a_info/resource/d/pc817.pdf</datasheet>
      <libsource lib="Isolator" part="PC817" description="DC Optocoupler, Vce 35V, CTR 50-300%, DIP4"/>
      <sheetpath names="/" tstamps="/"/>
      <tstamp>60563D2E</tstamp>
    </comp>
    <comp ref="R10">
      <value>R_Small</value>
      <footprint>Resistor_SMD:R_0805_2012Metric_Pad1.15x1.40mm_HandSolder</footprint>
      <datasheet>~</datasheet>
      <libsource lib="Device" part="R_Small" description="Resistor, small symbol"/>
      <sheetpath names="/" tstamps="/"/>
      <tstamp>6056AF4E</tstamp>
    </comp>
    <comp ref="R16">
      <value>R_Small</value>
      <footprint>Resistor_SMD:R_0805_2012Metric_Pad1.15x1.40mm_HandSolder</footprint>
      <datasheet>~</datasheet>
      <libsource lib="Device" part="R_Small" description="Resistor, small symbol"/>
      <sheetpath names="/" tstamps="/"/>
      <tstamp>6056F55B</tstamp>
    </comp>
    <comp ref="R1">
      <value>R_Small</value>
      <footprint>Resistor_SMD:R_0805_2012Metric_Pad1.15x1.40mm_HandSolder</footprint>
      <datasheet>~</datasheet>
      <libsource lib="Device" part="R_Small" description="Resistor, small symbol"/>
      <sheetpath names="/" tstamps="/"/>
      <tstamp>6059B37D</tstamp>
    </comp>
    <comp ref="C1">
      <value>C</value>
      <footprint>Capacitor_SMD:C_0805_2012Metric_Pad1.15x1.40mm_HandSolder</footprint>
      <datasheet>~</datasheet>
      <libsource lib="Device" part="C" description="Unpolarized capacitor"/>
      <sheetpath names="/" tstamps="/"/>
      <tstamp>605CC97B</tstamp>
    </comp>
    <comp ref="U5">
      <value>L7805</value>
      <footprint>Package_TO_SOT_SMD:TO-252-2</footprint>
      <datasheet>http://www.st.com/content/ccc/resource/technical/document/datasheet/41/4f/b3/b0/12/d4/47/88/CD00000444.pdf/files/CD00000444.pdf/jcr:content/translations/en.CD00000444.pdf</datasheet>
      <libsource lib="Regulator_Linear" part="L7805" description="Positive 1.5A 35V Linear Regulator, Fixed Output 5V, TO-220/TO-263/TO-252"/>
      <sheetpath names="/" tstamps="/"/>
      <tstamp>6053C35E</tstamp>
    </comp>
    <comp ref="J5">
      <value>Conn_01x03</value>
      <footprint>Connector_JST:JST_EH_B3B-EH-A_1x03_P2.50mm_Vertical</footprint>
      <datasheet>~</datasheet>
      <libsource lib="Connector_Generic" part="Conn_01x03" description="Generic connector, single row, 01x03, script generated (kicad-library-utils/schlib/autogen/connector/)"/>
      <sheetpath names="/" tstamps="/"/>
      <tstamp>605552EB</tstamp>
    </comp>
    <comp ref="R26">
      <value>R_Small</value>
      <footprint>Resistor_SMD:R_0805_2012Metric_Pad1.15x1.40mm_HandSolder</footprint>
      <datasheet>~</datasheet>
      <libsource lib="Device" part="R_Small" description="Resistor, small symbol"/>
      <sheetpath names="/" tstamps="/"/>
      <tstamp>60537CA2</tstamp>
    </comp>
    <comp ref="D8">
      <value>LED</value>
      <footprint>LED_SMD:LED_0805_2012Metric_Pad1.15x1.40mm_HandSolder</footprint>
      <datasheet>~</datasheet>
      <libsource lib="Device" part="LED" description="Light emitting diode"/>
      <sheetpath names="/" tstamps="/"/>
      <tstamp>605389F4</tstamp>
    </comp>
    <comp ref="D1">
      <value>LED</value>
      <footprint>LED_SMD:LED_0805_2012Metric_Pad1.15x1.40mm_HandSolder</footprint>
      <datasheet>~</datasheet>
      <libsource lib="Device" part="LED" description="Light emitting diode"/>
      <sheetpath names="/" tstamps="/"/>
      <tstamp>6056DFA5</tstamp>
    </comp>
    <comp ref="R6">
      <value>R_Small</value>
      <footprint>Resistor_SMD:R_0805_2012Metric_Pad1.15x1.40mm_HandSolder</footprint>
      <datasheet>~</datasheet>
      <libsource lib="Device" part="R_Small" description="Resistor, small symbol"/>
      <sheetpath names="/" tstamps="/"/>
      <tstamp>6056EE51</tstamp>
    </comp>
    <comp ref="D7">
      <value>LED</value>
      <footprint>LED_SMD:LED_0805_2012Metric_Pad1.15x1.40mm_HandSolder</footprint>
      <datasheet>~</datasheet>
      <libsource lib="Device" part="LED" description="Light emitting diode"/>
      <sheetpath names="/" tstamps="/"/>
      <tstamp>6059243F</tstamp>
    </comp>
    <comp ref="R18">
      <value>R_Small</value>
      <footprint>Resistor_SMD:R_0805_2012Metric_Pad1.15x1.40mm_HandSolder</footprint>
      <datasheet>~</datasheet>
      <libsource lib="Device" part="R_Small" description="Resistor, small symbol"/>
      <sheetpath names="/" tstamps="/"/>
      <tstamp>60593BC4</tstamp>
    </comp>
    <comp ref="R4">
      <value>R_Small</value>
      <footprint>Resistor_SMD:R_0805_2012Metric_Pad1.15x1.40mm_HandSolder</footprint>
      <datasheet>~</datasheet>
      <libsource lib="Device" part="R_Small" description="Resistor, small symbol"/>
      <sheetpath names="/" tstamps="/"/>
      <tstamp>605B97A7</tstamp>
    </comp>
    <comp ref="R3">
      <value>R_Small</value>
      <footprint>Resistor_SMD:R_0805_2012Metric_Pad1.15x1.40mm_HandSolder</footprint>
      <datasheet>~</datasheet>
      <libsource lib="Device" part="R_Small" description="Resistor, small symbol"/>
      <sheetpath names="/" tstamps="/"/>
      <tstamp>60665B01</tstamp>
    </comp>
    <comp ref="R8">
      <value>R_Small</value>
      <footprint>Resistor_SMD:R_0805_2012Metric_Pad1.15x1.40mm_HandSolder</footprint>
      <datasheet>~</datasheet>
      <libsource lib="Device" part="R_Small" description="Resistor, small symbol"/>
      <sheetpath names="/" tstamps="/"/>
      <tstamp>60665B07</tstamp>
    </comp>
    <comp ref="U2">
      <value>PC817</value>
      <footprint>Package_DIP:DIP-4_W7.62mm</footprint>
      <datasheet>http://www.soselectronic.cz/a_info/resource/d/pc817.pdf</datasheet>
      <libsource lib="Isolator" part="PC817" description="DC Optocoupler, Vce 35V, CTR 50-300%, DIP4"/>
      <sheetpath names="/" tstamps="/"/>
      <tstamp>60665B19</tstamp>
    </comp>
    <comp ref="R11">
      <value>R_Small</value>
      <footprint>Resistor_SMD:R_0805_2012Metric_Pad1.15x1.40mm_HandSolder</footprint>
      <datasheet>~</datasheet>
      <libsource lib="Device" part="R_Small" description="Resistor, small symbol"/>
      <sheetpath names="/" tstamps="/"/>
      <tstamp>60665B1F</tstamp>
    </comp>
    <comp ref="R17">
      <value>R_Small</value>
      <footprint>Resistor_SMD:R_0805_2012Metric_Pad1.15x1.40mm_HandSolder</footprint>
      <datasheet>~</datasheet>
      <libsource lib="Device" part="R_Small" description="Resistor, small symbol"/>
      <sheetpath names="/" tstamps="/"/>
      <tstamp>60665B27</tstamp>
    </comp>
    <comp ref="R5">
      <value>R_Small</value>
      <footprint>Resistor_SMD:R_0805_2012Metric_Pad1.15x1.40mm_HandSolder</footprint>
      <datasheet>~</datasheet>
      <libsource lib="Device" part="R_Small" description="Resistor, small symbol"/>
      <sheetpath names="/" tstamps="/"/>
      <tstamp>60665B3A</tstamp>
    </comp>
    <comp ref="R19">
      <value>R_Small</value>
      <footprint>Resistor_SMD:R_0805_2012Metric_Pad1.15x1.40mm_HandSolder</footprint>
      <datasheet>~</datasheet>
      <libsource lib="Device" part="R_Small" description="Resistor, small symbol"/>
      <sheetpath names="/" tstamps="/"/>
      <tstamp>60672D7C</tstamp>
    </comp>
    <comp ref="R27">
      <value>R_Small</value>
      <footprint>Resistor_SMD:R_0805_2012Metric_Pad1.15x1.40mm_HandSolder</footprint>
      <datasheet>~</datasheet>
      <libsource lib="Device" part="R_Small" description="Resistor, small symbol"/>
      <sheetpath names="/" tstamps="/"/>
      <tstamp>60672D82</tstamp>
    </comp>
    <comp ref="U6">
      <value>PC817</value>
      <footprint>Package_DIP:DIP-4_W7.62mm</footprint>
      <datasheet>http://www.soselectronic.cz/a_info/resource/d/pc817.pdf</datasheet>
      <libsource lib="Isolator" part="PC817" description="DC Optocoupler, Vce 35V, CTR 50-300%, DIP4"/>
      <sheetpath names="/" tstamps="/"/>
      <tstamp>60672D94</tstamp>
    </comp>
    <comp ref="R30">
      <value>R_Small</value>
      <footprint>Resistor_SMD:R_0805_2012Metric_Pad1.15x1.40mm_HandSolder</footprint>
      <datasheet>~</datasheet>
      <libsource lib="Device" part="R_Small" description="Resistor, small symbol"/>
      <sheetpath names="/" tstamps="/"/>
      <tstamp>60672D9A</tstamp>
    </comp>
    <comp ref="R34">
      <value>R_Small</value>
      <footprint>Resistor_SMD:R_0805_2012Metric_Pad1.15x1.40mm_HandSolder</footprint>
      <datasheet>~</datasheet>
      <libsource lib="Device" part="R_Small" description="Resistor, small symbol"/>
      <sheetpath names="/" tstamps="/"/>
      <tstamp>60672DA2</tstamp>
    </comp>
    <comp ref="R22">
      <value>R_Small</value>
      <footprint>Resistor_SMD:R_0805_2012Metric_Pad1.15x1.40mm_HandSolder</footprint>
      <datasheet>~</datasheet>
      <libsource lib="Device" part="R_Small" description="Resistor, small symbol"/>
      <sheetpath names="/" tstamps="/"/>
      <tstamp>60672DB5</tstamp>
    </comp>
    <comp ref="R20">
      <value>R_Small</value>
      <footprint>Resistor_SMD:R_0805_2012Metric_Pad1.15x1.40mm_HandSolder</footprint>
      <datasheet>~</datasheet>
      <libsource lib="Device" part="R_Small" description="Resistor, small symbol"/>
      <sheetpath names="/" tstamps="/"/>
      <tstamp>60682728</tstamp>
    </comp>
    <comp ref="R28">
      <value>R_Small</value>
      <footprint>Resistor_SMD:R_0805_2012Metric_Pad1.15x1.40mm_HandSolder</footprint>
      <datasheet>~</datasheet>
      <libsource lib="Device" part="R_Small" description="Resistor, small symbol"/>
      <sheetpath names="/" tstamps="/"/>
      <tstamp>6068272E</tstamp>
    </comp>
    <comp ref="U7">
      <value>PC817</value>
      <footprint>Package_DIP:DIP-4_W7.62mm</footprint>
      <datasheet>http://www.soselectronic.cz/a_info/resource/d/pc817.pdf</datasheet>
      <libsource lib="Isolator" part="PC817" description="DC Optocoupler, Vce 35V, CTR 50-300%, DIP4"/>
      <sheetpath names="/" tstamps="/"/>
      <tstamp>60682740</tstamp>
    </comp>
    <comp ref="R31">
      <value>R_Small</value>
      <footprint>Resistor_SMD:R_0805_2012Metric_Pad1.15x1.40mm_HandSolder</footprint>
      <datasheet>~</datasheet>
      <libsource lib="Device" part="R_Small" description="Resistor, small symbol"/>
      <sheetpath names="/" tstamps="/"/>
      <tstamp>60682746</tstamp>
    </comp>
    <comp ref="R35">
      <value>R_Small</value>
      <footprint>Resistor_SMD:R_0805_2012Metric_Pad1.15x1.40mm_HandSolder</footprint>
      <datasheet>~</datasheet>
      <libsource lib="Device" part="R_Small" description="Resistor, small symbol"/>
      <sheetpath names="/" tstamps="/"/>
      <tstamp>6068274E</tstamp>
    </comp>
    <comp ref="R23">
      <value>R_Small</value>
      <footprint>Resistor_SMD:R_0805_2012Metric_Pad1.15x1.40mm_HandSolder</footprint>
      <datasheet>~</datasheet>
      <libsource lib="Device" part="R_Small" description="Resistor, small symbol"/>
      <sheetpath names="/" tstamps="/"/>
      <tstamp>60682761</tstamp>
    </comp>
    <comp ref="SW2">
      <value>SW_DPDT_x2</value>
      <footprint>LCU:switch_common</footprint>
      <libsource lib="Switch" part="SW_DPDT_x2" description="Switch, dual pole double throw, separate symbols"/>
      <sheetpath names="/" tstamps="/"/>
      <tstamp>60533F7D</tstamp>
    </comp>
    <comp ref="TP1">
      <value>TestPoint</value>
      <footprint>TestPoint:TestPoint_Pad_D1.0mm</footprint>
      <datasheet>~</datasheet>
      <libsource lib="Connector" part="TestPoint" description="test point"/>
      <sheetpath names="/" tstamps="/"/>
      <tstamp>605368C2</tstamp>
    </comp>
    <comp ref="TP3">
      <value>TestPoint</value>
      <footprint>TestPoint:TestPoint_Pad_D1.0mm</footprint>
      <datasheet>~</datasheet>
      <libsource lib="Connector" part="TestPoint" description="test point"/>
      <sheetpath names="/" tstamps="/"/>
      <tstamp>60537546</tstamp>
    </comp>
    <comp ref="TP2">
      <value>TestPoint</value>
      <footprint>TestPoint:TestPoint_Pad_D1.0mm</footprint>
      <datasheet>~</datasheet>
      <libsource lib="Connector" part="TestPoint" description="test point"/>
      <sheetpath names="/" tstamps="/"/>
      <tstamp>60537BFA</tstamp>
    </comp>
    <comp ref="R29">
      <value>R_Small</value>
      <footprint>Resistor_SMD:R_0805_2012Metric_Pad1.15x1.40mm_HandSolder</footprint>
      <datasheet>~</datasheet>
      <libsource lib="Device" part="R_Small" description="Resistor, small symbol"/>
      <sheetpath names="/" tstamps="/"/>
      <tstamp>60538615</tstamp>
    </comp>
    <comp ref="R25">
      <value>R_Small</value>
      <footprint>Resistor_SMD:R_0805_2012Metric_Pad1.15x1.40mm_HandSolder</footprint>
      <datasheet>~</datasheet>
      <libsource lib="Device" part="R_Small" description="Resistor, small symbol"/>
      <sheetpath names="/" tstamps="/"/>
      <tstamp>60598DF9</tstamp>
    </comp>
    <comp ref="R12">
      <value>R_Small</value>
      <footprint>Resistor_SMD:R_0805_2012Metric_Pad1.15x1.40mm_HandSolder</footprint>
      <datasheet>~</datasheet>
      <libsource lib="Device" part="R_Small" description="Resistor, small symbol"/>
      <sheetpath names="/" tstamps="/"/>
      <tstamp>605AD31F</tstamp>
    </comp>
    <comp ref="R9">
      <value>R_Small</value>
      <footprint>Resistor_SMD:R_0805_2012Metric_Pad1.15x1.40mm_HandSolder</footprint>
      <datasheet>~</datasheet>
      <libsource lib="Device" part="R_Small" description="Resistor, small symbol"/>
      <sheetpath names="/" tstamps="/"/>
      <tstamp>605AD933</tstamp>
    </comp>
    <comp ref="R21">
      <value>R_Small</value>
      <footprint>Resistor_SMD:R_0805_2012Metric_Pad1.15x1.40mm_HandSolder</footprint>
      <datasheet>~</datasheet>
      <libsource lib="Device" part="R_Small" description="Resistor, small symbol"/>
      <sheetpath names="/" tstamps="/"/>
      <tstamp>605D5B6F</tstamp>
    </comp>
    <comp ref="R24">
      <value>R_Small</value>
      <footprint>Resistor_SMD:R_0805_2012Metric_Pad1.15x1.40mm_HandSolder</footprint>
      <datasheet>~</datasheet>
      <libsource lib="Device" part="R_Small" description="Resistor, small symbol"/>
      <sheetpath names="/" tstamps="/"/>
      <tstamp>605D6457</tstamp>
    </comp>
    <comp ref="H1">
      <value>MountingHole</value>
      <footprint>MountingHole:MountingHole_2.5mm_Pad_Via</footprint>
      <datasheet>~</datasheet>
      <libsource lib="Mechanical" part="MountingHole" description="Mounting Hole without connection"/>
      <sheetpath names="/" tstamps="/"/>
      <tstamp>60618DC1</tstamp>
    </comp>
    <comp ref="H2">
      <value>MountingHole</value>
      <footprint>MountingHole:MountingHole_2.5mm_Pad_Via</footprint>
      <datasheet>~</datasheet>
      <libsource lib="Mechanical" part="MountingHole" description="Mounting Hole without connection"/>
      <sheetpath names="/" tstamps="/"/>
      <tstamp>6061983C</tstamp>
    </comp>
    <comp ref="H3">
      <value>MountingHole</value>
      <footprint>MountingHole:MountingHole_2.5mm_Pad_Via</footprint>
      <datasheet>~</datasheet>
      <libsource lib="Mechanical" part="MountingHole" description="Mounting Hole without connection"/>
      <sheetpath names="/" tstamps="/"/>
      <tstamp>60619AF6</tstamp>
    </comp>
    <comp ref="H4">
      <value>MountingHole</value>
      <footprint>MountingHole:MountingHole_2.5mm_Pad_Via</footprint>
      <datasheet>~</datasheet>
      <libsource lib="Mechanical" part="MountingHole" description="Mounting Hole without connection"/>
      <sheetpath names="/" tstamps="/"/>
      <tstamp>60619DD7</tstamp>
    </comp>
    <comp ref="H5">
      <value>MountingHole_Pad</value>
      <footprint>MountingHole:MountingHole_2.2mm_M2</footprint>
      <datasheet>~</datasheet>
      <libsource lib="Mechanical" part="MountingHole_Pad" description="Mounting Hole with connection"/>
      <sheetpath names="/" tstamps="/"/>
      <tstamp>6061A6F3</tstamp>
    </comp>
    <comp ref="SW1">
      <value>SW_DPDT_x2</value>
      <footprint>Button_Switch_THT:SW_PUSH_6mm_H5mm</footprint>
      <datasheet>~</datasheet>
      <libsource lib="Switch" part="SW_Push" description="Push button switch, generic, two pins"/>
      <sheetpath names="/" tstamps="/"/>
      <tstamp>6062844F</tstamp>
    </comp>
    <comp ref="D4">
      <value>LED</value>
      <footprint>LED_SMD:LED_0805_2012Metric_Pad1.15x1.40mm_HandSolder</footprint>
      <datasheet>~</datasheet>
      <libsource lib="Device" part="LED" description="Light emitting diode"/>
      <sheetpath names="/" tstamps="/"/>
      <tstamp>60635F13</tstamp>
    </comp>
    <comp ref="R14">
      <value>R_Small</value>
      <footprint>Resistor_SMD:R_0805_2012Metric_Pad1.15x1.40mm_HandSolder</footprint>
      <datasheet>~</datasheet>
      <libsource lib="Device" part="R_Small" description="Resistor, small symbol"/>
      <sheetpath names="/" tstamps="/"/>
      <tstamp>606362CD</tstamp>
    </comp>
    <comp ref="D3">
      <value>LED</value>
      <footprint>LED_SMD:LED_0805_2012Metric_Pad1.15x1.40mm_HandSolder</footprint>
      <datasheet>~</datasheet>
      <libsource lib="Device" part="LED" description="Light emitting diode"/>
      <sheetpath names="/" tstamps="/"/>
      <tstamp>6069A46D</tstamp>
    </comp>
    <comp ref="R13">
      <value>R_Small</value>
      <footprint>Resistor_SMD:R_0805_2012Metric_Pad1.15x1.40mm_HandSolder</footprint>
      <datasheet>~</datasheet>
      <libsource lib="Device" part="R_Small" description="Resistor, small symbol"/>
      <sheetpath names="/" tstamps="/"/>
      <tstamp>6069A473</tstamp>
    </comp>
    <comp ref="D10">
      <value>LED</value>
      <footprint>LED_SMD:LED_0805_2012Metric_Pad1.15x1.40mm_HandSolder</footprint>
      <datasheet>~</datasheet>
      <libsource lib="Device" part="LED" description="Light emitting diode"/>
      <sheetpath names="/" tstamps="/"/>
      <tstamp>606B380B</tstamp>
    </comp>
    <comp ref="R33">
      <value>R_Small</value>
      <footprint>Resistor_SMD:R_0805_2012Metric_Pad1.15x1.40mm_HandSolder</footprint>
      <datasheet>~</datasheet>
      <libsource lib="Device" part="R_Small" description="Resistor, small symbol"/>
      <sheetpath names="/" tstamps="/"/>
      <tstamp>606B3811</tstamp>
    </comp>
    <comp ref="D9">
      <value>LED</value>
      <footprint>LED_SMD:LED_0805_2012Metric_Pad1.15x1.40mm_HandSolder</footprint>
      <datasheet>~</datasheet>
      <libsource lib="Device" part="LED" description="Light emitting diode"/>
      <sheetpath names="/" tstamps="/"/>
      <tstamp>606C0271</tstamp>
    </comp>
    <comp ref="R32">
      <value>R_Small</value>
      <footprint>Resistor_SMD:R_0805_2012Metric_Pad1.15x1.40mm_HandSolder</footprint>
      <datasheet>~</datasheet>
      <libsource lib="Device" part="R_Small" description="Resistor, small symbol"/>
      <sheetpath names="/" tstamps="/"/>
      <tstamp>606C0277</tstamp>
    </comp>
    <comp ref="U4">
      <value>ESP-12E</value>
      <footprint>RF_Module:ESP-12E</footprint>
      <datasheet>http://l0l.org.uk/2014/12/esp8266-modules-hardware-guide-gotta-catch-em-all/</datasheet>
      <libsource lib="ESP8266" part="ESP-12E" description="ESP8266 ESP-12E module, 22 pins, 2mm, PCB antenna"/>
      <sheetpath names="/" tstamps="/"/>
      <tstamp>604537FA</tstamp>
    </comp>
    <comp ref="R37">
      <value>R_Small</value>
      <footprint>Resistor_SMD:R_0805_2012Metric_Pad1.15x1.40mm_HandSolder</footprint>
      <datasheet>~</datasheet>
      <libsource lib="Device" part="R_Small" description="Resistor, small symbol"/>
      <sheetpath names="/" tstamps="/"/>
      <tstamp>607CFE98</tstamp>
    </comp>
    <comp ref="R41">
      <value>R_Small</value>
      <footprint>Resistor_SMD:R_0805_2012Metric_Pad1.15x1.40mm_HandSolder</footprint>
      <datasheet>~</datasheet>
      <libsource lib="Device" part="R_Small" description="Resistor, small symbol"/>
      <sheetpath names="/" tstamps="/"/>
      <tstamp>607CFE9E</tstamp>
    </comp>
    <comp ref="R39">
      <value>R_Small</value>
      <footprint>Resistor_SMD:R_0805_2012Metric_Pad1.15x1.40mm_HandSolder</footprint>
      <datasheet>~</datasheet>
      <libsource lib="Device" part="R_Small" description="Resistor, small symbol"/>
      <sheetpath names="/" tstamps="/"/>
      <tstamp>607CFEAE</tstamp>
    </comp>
    <comp ref="D12">
      <value>LED</value>
      <footprint>LED_SMD:LED_0805_2012Metric_Pad1.15x1.40mm_HandSolder</footprint>
      <datasheet>~</datasheet>
      <libsource lib="Device" part="LED" description="Light emitting diode"/>
      <sheetpath names="/" tstamps="/"/>
      <tstamp>607CFEC2</tstamp>
    </comp>
    <comp ref="R43">
      <value>R_Small</value>
      <footprint>Resistor_SMD:R_0805_2012Metric_Pad1.15x1.40mm_HandSolder</footprint>
      <datasheet>~</datasheet>
      <libsource lib="Device" part="R_Small" description="Resistor, small symbol"/>
      <sheetpath names="/" tstamps="/"/>
      <tstamp>60809BD2</tstamp>
    </comp>
    <comp ref="J4">
      <value>Conn_01x03</value>
      <footprint>Connector_JST:JST_EH_B3B-EH-A_1x03_P2.50mm_Vertical</footprint>
      <datasheet>~</datasheet>
      <libsource lib="Connector_Generic" part="Conn_01x03" description="Generic connector, single row, 01x03, script generated (kicad-library-utils/schlib/autogen/connector/)"/>
      <sheetpath names="/" tstamps="/"/>
      <tstamp>6085AA2D</tstamp>
    </comp>
    <comp ref="R36">
      <value>R_Small</value>
      <footprint>Resistor_SMD:R_0805_2012Metric_Pad1.15x1.40mm_HandSolder</footprint>
      <datasheet>~</datasheet>
      <libsource lib="Device" part="R_Small" description="Resistor, small symbol"/>
      <sheetpath names="/" tstamps="/"/>
      <tstamp>6085AA45</tstamp>
    </comp>
    <comp ref="R40">
      <value>R_Small</value>
      <footprint>Resistor_SMD:R_0805_2012Metric_Pad1.15x1.40mm_HandSolder</footprint>
      <datasheet>~</datasheet>
      <libsource lib="Device" part="R_Small" description="Resistor, small symbol"/>
      <sheetpath names="/" tstamps="/"/>
      <tstamp>6085AA4B</tstamp>
    </comp>
    <comp ref="R38">
      <value>R_Small</value>
      <footprint>Resistor_SMD:R_0805_2012Metric_Pad1.15x1.40mm_HandSolder</footprint>
      <datasheet>~</datasheet>
      <libsource lib="Device" part="R_Small" description="Resistor, small symbol"/>
      <sheetpath names="/" tstamps="/"/>
      <tstamp>6085AA59</tstamp>
    </comp>
    <comp ref="D11">
      <value>LED</value>
      <footprint>LED_SMD:LED_0805_2012Metric_Pad1.15x1.40mm_HandSolder</footprint>
      <datasheet>~</datasheet>
      <libsource lib="Device" part="LED" description="Light emitting diode"/>
      <sheetpath names="/" tstamps="/"/>
      <tstamp>6085AA6B</tstamp>
    </comp>
    <comp ref="R42">
      <value>R_Small</value>
      <footprint>Resistor_SMD:R_0805_2012Metric_Pad1.15x1.40mm_HandSolder</footprint>
      <datasheet>~</datasheet>
      <libsource lib="Device" part="R_Small" description="Resistor, small symbol"/>
      <sheetpath names="/" tstamps="/"/>
      <tstamp>6085AA73</tstamp>
    </comp>
    <comp ref="D6">
      <value>LED</value>
      <footprint>LED_SMD:LED_0805_2012Metric_Pad1.15x1.40mm_HandSolder</footprint>
      <datasheet>~</datasheet>
      <libsource lib="Device" part="LED" description="Light emitting diode"/>
      <sheetpath names="/" tstamps="/"/>
      <tstamp>6097DBA8</tstamp>
    </comp>
    <comp ref="R15">
      <value>R_Small</value>
      <footprint>Resistor_SMD:R_0805_2012Metric_Pad1.15x1.40mm_HandSolder</footprint>
      <datasheet>~</datasheet>
      <libsource lib="Device" part="R_Small" description="Resistor, small symbol"/>
      <sheetpath names="/" tstamps="/"/>
      <tstamp>6097F5D8</tstamp>
    </comp>
    <comp ref="J10">
      <value>Conn_01x05</value>
      <footprint>Connector_JST:JST_EH_B5B-EH-A_1x05_P2.50mm_Vertical</footprint>
      <datasheet>~</datasheet>
      <libsource lib="Connector_Generic" part="Conn_01x05" description="Generic connector, single row, 01x05, script generated (kicad-library-utils/schlib/autogen/connector/)"/>
      <sheetpath names="/" tstamps="/"/>
      <tstamp>60562C9D</tstamp>
    </comp>
    <comp ref="C3">
      <value>CP1</value>
      <footprint>Capacitor_SMD:CP_Elec_10x14.3</footprint>
      <datasheet>~</datasheet>
      <libsource lib="Device" part="CP1" description="Polarized capacitor, US symbol"/>
      <sheetpath names="/" tstamps="/"/>
      <tstamp>60532955</tstamp>
    </comp>
    <comp ref="C4">
      <value>C</value>
      <footprint>Capacitor_SMD:C_0805_2012Metric_Pad1.15x1.40mm_HandSolder</footprint>
      <datasheet>~</datasheet>
      <libsource lib="Device" part="C" description="Unpolarized capacitor"/>
      <sheetpath names="/" tstamps="/"/>
      <tstamp>6061F53C</tstamp>
    </comp>
    <comp ref="C5">
      <value>C</value>
      <footprint>Capacitor_SMD:C_0805_2012Metric_Pad1.15x1.40mm_HandSolder</footprint>
      <datasheet>~</datasheet>
      <libsource lib="Device" part="C" description="Unpolarized capacitor"/>
      <sheetpath names="/" tstamps="/"/>
      <tstamp>6061F97F</tstamp>
    </comp>
    <comp ref="H6">
      <value>MountingHole</value>
      <footprint>MountingHole:MountingHole_2.2mm_M2_Pad_Via</footprint>
      <datasheet>~</datasheet>
      <libsource lib="Mechanical" part="MountingHole" description="Mounting Hole without connection"/>
      <sheetpath names="/" tstamps="/"/>
      <tstamp>605F1EA8</tstamp>
    </comp>
    <comp ref="Q1">
      <value>Q_NMOS_GSD</value>
      <footprint>Package_TO_SOT_SMD:SOT-23</footprint>
      <datasheet>~</datasheet>
      <libsource lib="Device" part="Q_NMOS_GSD" description="N-MOSFET transistor, gate/source/drain"/>
      <sheetpath names="/" tstamps="/"/>
      <tstamp>605FDF50</tstamp>
    </comp>
    <comp ref="Q2">
      <value>Q_NMOS_GSD</value>
      <footprint>Package_TO_SOT_SMD:SOT-23</footprint>
      <datasheet>~</datasheet>
      <libsource lib="Device" part="Q_NMOS_GSD" description="N-MOSFET transistor, gate/source/drain"/>
      <sheetpath names="/" tstamps="/"/>
      <tstamp>60638A44</tstamp>
    </comp>
    <comp ref="Q3">
      <value>Q_NMOS_GSD</value>
      <footprint>Package_TO_SOT_SMD:SOT-23</footprint>
      <datasheet>~</datasheet>
      <libsource lib="Device" part="Q_NMOS_GSD" description="N-MOSFET transistor, gate/source/drain"/>
      <sheetpath names="/" tstamps="/"/>
      <tstamp>6063CE5E</tstamp>
    </comp>
    <comp ref="Q4">
      <value>Q_NMOS_GSD</value>
      <footprint>Package_TO_SOT_SMD:SOT-23</footprint>
      <datasheet>~</datasheet>
      <libsource lib="Device" part="Q_NMOS_GSD" description="N-MOSFET transistor, gate/source/drain"/>
      <sheetpath names="/" tstamps="/"/>
      <tstamp>6068CB90</tstamp>
    </comp>
    <comp ref="Q6">
      <value>Q_NMOS_GSD</value>
      <footprint>Package_TO_SOT_SMD:SOT-23</footprint>
      <datasheet>~</datasheet>
      <libsource lib="Device" part="Q_NMOS_GSD" description="N-MOSFET transistor, gate/source/drain"/>
      <sheetpath names="/" tstamps="/"/>
      <tstamp>606A74C8</tstamp>
    </comp>
    <comp ref="Q5">
      <value>Q_NMOS_GSD</value>
      <footprint>Package_TO_SOT_SMD:SOT-23</footprint>
      <datasheet>~</datasheet>
      <libsource lib="Device" part="Q_NMOS_GSD" description="N-MOSFET transistor, gate/source/drain"/>
      <sheetpath names="/" tstamps="/"/>
      <tstamp>606C4824</tstamp>
    </comp>
    <comp ref="R64">
      <value>R_Small</value>
      <footprint>Resistor_SMD:R_0805_2012Metric_Pad1.15x1.40mm_HandSolder</footprint>
      <datasheet>~</datasheet>
      <libsource lib="Device" part="R_Small" description="Resistor, small symbol"/>
      <sheetpath names="/" tstamps="/"/>
      <tstamp>607112AC</tstamp>
    </comp>
    <comp ref="R65">
      <value>R_Small</value>
      <footprint>Resistor_SMD:R_0805_2012Metric_Pad1.15x1.40mm_HandSolder</footprint>
      <datasheet>~</datasheet>
      <libsource lib="Device" part="R_Small" description="Resistor, small symbol"/>
      <sheetpath names="/" tstamps="/"/>
      <tstamp>60711B24</tstamp>
    </comp>
    <comp ref="SW3">
      <value>SW_DPDT_x2</value>
      <footprint>Button_Switch_THT:SW_PUSH_6mm_H5mm</footprint>
      <datasheet>~</datasheet>
      <libsource lib="Switch" part="SW_Push" description="Push button switch, generic, two pins"/>
      <sheetpath names="/" tstamps="/"/>
      <tstamp>6078BA38</tstamp>
    </comp>
    <comp ref="R46">
      <value>R_Small</value>
      <footprint>Resistor_SMD:R_0805_2012Metric_Pad1.15x1.40mm_HandSolder</footprint>
      <datasheet>~</datasheet>
      <libsource lib="Device" part="R_Small" description="Resistor, small symbol"/>
      <sheetpath names="/output/" tstamps="/606CE17C/"/>
      <tstamp>606D1648</tstamp>
    </comp>
    <comp ref="R50">
      <value>R_Small</value>
      <footprint>Resistor_SMD:R_0805_2012Metric_Pad1.15x1.40mm_HandSolder</footprint>
      <datasheet>~</datasheet>
      <libsource lib="Device" part="R_Small" description="Resistor, small symbol"/>
      <sheetpath names="/output/" tstamps="/606CE17C/"/>
      <tstamp>606D164E</tstamp>
    </comp>
    <comp ref="Q13">
      <value>Q_PMOS_GDS</value>
      <footprint>Package_TO_SOT_SMD:TO-252-2</footprint>
      <datasheet>~</datasheet>
      <libsource lib="Device" part="Q_PMOS_GDS" description="P-MOSFET transistor, gate/drain/source"/>
      <sheetpath names="/output/" tstamps="/606CE17C/"/>
      <tstamp>606D1662</tstamp>
    </comp>
    <comp ref="J8">
      <value>Conn_01x02</value>
      <footprint>Connector_JST:JST_EH_B2B-EH-A_1x02_P2.50mm_Vertical</footprint>
      <datasheet>~</datasheet>
      <libsource lib="Connector_Generic" part="Conn_01x02" description="Generic connector, single row, 01x02, script generated (kicad-library-utils/schlib/autogen/connector/)"/>
      <sheetpath names="/output/" tstamps="/606CE17C/"/>
      <tstamp>606D1668</tstamp>
    </comp>
    <comp ref="D19">
      <value>DIODE</value>
      <footprint>Diode_SMD:D_SMA</footprint>
      <datasheet>~</datasheet>
      <fields>
        <field name="Spice_Netlist_Enabled">Y</field>
        <field name="Spice_Primitive">V</field>
      </fields>
      <libsource lib="Simulation_SPICE" part="DIODE" description="Diode, anode on pin 1, for simulation only!"/>
      <sheetpath names="/output/" tstamps="/606CE17C/"/>
      <tstamp>606D1671</tstamp>
    </comp>
    <comp ref="R54">
      <value>R_Small</value>
      <footprint>Resistor_SMD:R_0805_2012Metric_Pad1.15x1.40mm_HandSolder</footprint>
      <datasheet>~</datasheet>
      <libsource lib="Device" part="R_Small" description="Resistor, small symbol"/>
      <sheetpath names="/output/" tstamps="/606CE17C/"/>
      <tstamp>606D1682</tstamp>
    </comp>
    <comp ref="D15">
      <value>LED</value>
      <footprint>LED_SMD:LED_0805_2012Metric_Pad1.15x1.40mm_HandSolder</footprint>
      <datasheet>~</datasheet>
      <libsource lib="Device" part="LED" description="Light emitting diode"/>
      <sheetpath names="/output/" tstamps="/606CE17C/"/>
      <tstamp>606D5480</tstamp>
    </comp>
    <comp ref="R62">
      <value>R_Small</value>
      <footprint>Resistor_SMD:R_0805_2012Metric_Pad1.15x1.40mm_HandSolder</footprint>
      <datasheet>~</datasheet>
      <libsource lib="Device" part="R_Small" description="Resistor, small symbol"/>
      <sheetpath names="/output/" tstamps="/606CE17C/"/>
      <tstamp>606D5486</tstamp>
    </comp>
    <comp ref="R58">
      <value>R_Small</value>
      <footprint>Resistor_SMD:R_0805_2012Metric_Pad1.15x1.40mm_HandSolder</footprint>
      <datasheet>~</datasheet>
      <libsource lib="Device" part="R_Small" description="Resistor, small symbol"/>
      <sheetpath names="/output/" tstamps="/606CE17C/"/>
      <tstamp>606E3B86</tstamp>
    </comp>
    <comp ref="R47">
      <value>R_Small</value>
      <footprint>Resistor_SMD:R_0805_2012Metric_Pad1.15x1.40mm_HandSolder</footprint>
      <datasheet>~</datasheet>
      <libsource lib="Device" part="R_Small" description="Resistor, small symbol"/>
      <sheetpath names="/output/" tstamps="/606CE17C/"/>
      <tstamp>606F3378</tstamp>
    </comp>
    <comp ref="R51">
      <value>R_Small</value>
      <footprint>Resistor_SMD:R_0805_2012Metric_Pad1.15x1.40mm_HandSolder</footprint>
      <datasheet>~</datasheet>
      <libsource lib="Device" part="R_Small" description="Resistor, small symbol"/>
      <sheetpath names="/output/" tstamps="/606CE17C/"/>
      <tstamp>606F337E</tstamp>
    </comp>
    <comp ref="Q14">
      <value>Q_PMOS_GDS</value>
      <footprint>Package_TO_SOT_SMD:TO-252-2</footprint>
      <datasheet>~</datasheet>
      <libsource lib="Device" part="Q_PMOS_GDS" description="P-MOSFET transistor, gate/drain/source"/>
      <sheetpath names="/output/" tstamps="/606CE17C/"/>
      <tstamp>606F3391</tstamp>
    </comp>
    <comp ref="J9">
      <value>Conn_01x02</value>
      <footprint>Connector_JST:JST_EH_B2B-EH-A_1x02_P2.50mm_Vertical</footprint>
      <datasheet>~</datasheet>
      <libsource lib="Connector_Generic" part="Conn_01x02" description="Generic connector, single row, 01x02, script generated (kicad-library-utils/schlib/autogen/connector/)"/>
      <sheetpath names="/output/" tstamps="/606CE17C/"/>
      <tstamp>606F3397</tstamp>
    </comp>
    <comp ref="D20">
      <value>DIODE</value>
      <footprint>Diode_SMD:D_SMA</footprint>
      <datasheet>~</datasheet>
      <fields>
        <field name="Spice_Netlist_Enabled">Y</field>
        <field name="Spice_Primitive">V</field>
      </fields>
      <libsource lib="Simulation_SPICE" part="DIODE" description="Diode, anode on pin 1, for simulation only!"/>
      <sheetpath names="/output/" tstamps="/606CE17C/"/>
      <tstamp>606F339F</tstamp>
    </comp>
    <comp ref="R55">
      <value>R_Small</value>
      <footprint>Resistor_SMD:R_0805_2012Metric_Pad1.15x1.40mm_HandSolder</footprint>
      <datasheet>~</datasheet>
      <libsource lib="Device" part="R_Small" description="Resistor, small symbol"/>
      <sheetpath names="/output/" tstamps="/606CE17C/"/>
      <tstamp>606F33A5</tstamp>
    </comp>
    <comp ref="D16">
      <value>LED</value>
      <footprint>LED_SMD:LED_0805_2012Metric_Pad1.15x1.40mm_HandSolder</footprint>
      <datasheet>~</datasheet>
      <libsource lib="Device" part="LED" description="Light emitting diode"/>
      <sheetpath names="/output/" tstamps="/606CE17C/"/>
      <tstamp>606F33AE</tstamp>
    </comp>
    <comp ref="R63">
      <value>R_Small</value>
      <footprint>Resistor_SMD:R_0805_2012Metric_Pad1.15x1.40mm_HandSolder</footprint>
      <datasheet>~</datasheet>
      <libsource lib="Device" part="R_Small" description="Resistor, small symbol"/>
      <sheetpath names="/output/" tstamps="/606CE17C/"/>
      <tstamp>606F33B4</tstamp>
    </comp>
    <comp ref="R59">
      <value>R_Small</value>
      <footprint>Resistor_SMD:R_0805_2012Metric_Pad1.15x1.40mm_HandSolder</footprint>
      <datasheet>~</datasheet>
      <libsource lib="Device" part="R_Small" description="Resistor, small symbol"/>
      <sheetpath names="/output/" tstamps="/606CE17C/"/>
      <tstamp>606F33BD</tstamp>
    </comp>
    <comp ref="R44">
      <value>R_Small</value>
      <footprint>Resistor_SMD:R_0805_2012Metric_Pad1.15x1.40mm_HandSolder</footprint>
      <datasheet>~</datasheet>
      <libsource lib="Device" part="R_Small" description="Resistor, small symbol"/>
      <sheetpath names="/output/" tstamps="/606CE17C/"/>
      <tstamp>606FCBB1</tstamp>
    </comp>
    <comp ref="R48">
      <value>R_Small</value>
      <footprint>Resistor_SMD:R_0805_2012Metric_Pad1.15x1.40mm_HandSolder</footprint>
      <datasheet>~</datasheet>
      <libsource lib="Device" part="R_Small" description="Resistor, small symbol"/>
      <sheetpath names="/output/" tstamps="/606CE17C/"/>
      <tstamp>606FCBB7</tstamp>
    </comp>
    <comp ref="Q11">
      <value>Q_PMOS_GDS</value>
      <footprint>Package_TO_SOT_SMD:TO-252-2</footprint>
      <datasheet>~</datasheet>
      <libsource lib="Device" part="Q_PMOS_GDS" description="P-MOSFET transistor, gate/drain/source"/>
      <sheetpath names="/output/" tstamps="/606CE17C/"/>
      <tstamp>606FCBCA</tstamp>
    </comp>
    <comp ref="J6">
      <value>Conn_01x02</value>
      <footprint>Connector_JST:JST_EH_B2B-EH-A_1x02_P2.50mm_Vertical</footprint>
      <datasheet>~</datasheet>
      <libsource lib="Connector_Generic" part="Conn_01x02" description="Generic connector, single row, 01x02, script generated (kicad-library-utils/schlib/autogen/connector/)"/>
      <sheetpath names="/output/" tstamps="/606CE17C/"/>
      <tstamp>606FCBD0</tstamp>
    </comp>
    <comp ref="D17">
      <value>DIODE</value>
      <footprint>Diode_SMD:D_SMA</footprint>
      <datasheet>~</datasheet>
      <fields>
        <field name="Spice_Netlist_Enabled">Y</field>
        <field name="Spice_Primitive">V</field>
      </fields>
      <libsource lib="Simulation_SPICE" part="DIODE" description="Diode, anode on pin 1, for simulation only!"/>
      <sheetpath names="/output/" tstamps="/606CE17C/"/>
      <tstamp>606FCBD8</tstamp>
    </comp>
    <comp ref="R52">
      <value>R_Small</value>
      <footprint>Resistor_SMD:R_0805_2012Metric_Pad1.15x1.40mm_HandSolder</footprint>
      <datasheet>~</datasheet>
      <libsource lib="Device" part="R_Small" description="Resistor, small symbol"/>
      <sheetpath names="/output/" tstamps="/606CE17C/"/>
      <tstamp>606FCBDE</tstamp>
    </comp>
    <comp ref="D13">
      <value>LED</value>
      <footprint>LED_SMD:LED_0805_2012Metric_Pad1.15x1.40mm_HandSolder</footprint>
      <datasheet>~</datasheet>
      <libsource lib="Device" part="LED" description="Light emitting diode"/>
      <sheetpath names="/output/" tstamps="/606CE17C/"/>
      <tstamp>606FCBE7</tstamp>
    </comp>
    <comp ref="R60">
      <value>R_Small</value>
      <footprint>Resistor_SMD:R_0805_2012Metric_Pad1.15x1.40mm_HandSolder</footprint>
      <datasheet>~</datasheet>
      <libsource lib="Device" part="R_Small" description="Resistor, small symbol"/>
      <sheetpath names="/output/" tstamps="/606CE17C/"/>
      <tstamp>606FCBED</tstamp>
    </comp>
    <comp ref="R56">
      <value>R_Small</value>
      <footprint>Resistor_SMD:R_0805_2012Metric_Pad1.15x1.40mm_HandSolder</footprint>
      <datasheet>~</datasheet>
      <libsource lib="Device" part="R_Small" description="Resistor, small symbol"/>
      <sheetpath names="/output/" tstamps="/606CE17C/"/>
      <tstamp>606FCBF6</tstamp>
    </comp>
    <comp ref="R45">
      <value>R_Small</value>
      <footprint>Resistor_SMD:R_0805_2012Metric_Pad1.15x1.40mm_HandSolder</footprint>
      <datasheet>~</datasheet>
      <libsource lib="Device" part="R_Small" description="Resistor, small symbol"/>
      <sheetpath names="/output/" tstamps="/606CE17C/"/>
      <tstamp>606FCC22</tstamp>
    </comp>
    <comp ref="R49">
      <value>R_Small</value>
      <footprint>Resistor_SMD:R_0805_2012Metric_Pad1.15x1.40mm_HandSolder</footprint>
      <datasheet>~</datasheet>
      <libsource lib="Device" part="R_Small" description="Resistor, small symbol"/>
      <sheetpath names="/output/" tstamps="/606CE17C/"/>
      <tstamp>606FCC28</tstamp>
    </comp>
    <comp ref="Q12">
      <value>Q_PMOS_GDS</value>
      <footprint>Package_TO_SOT_SMD:TO-252-2</footprint>
      <datasheet>~</datasheet>
      <libsource lib="Device" part="Q_PMOS_GDS" description="P-MOSFET transistor, gate/drain/source"/>
      <sheetpath names="/output/" tstamps="/606CE17C/"/>
      <tstamp>606FCC3B</tstamp>
    </comp>
    <comp ref="J7">
      <value>Conn_01x02</value>
      <footprint>Connector_JST:JST_EH_B2B-EH-A_1x02_P2.50mm_Vertical</footprint>
      <datasheet>~</datasheet>
      <libsource lib="Connector_Generic" part="Conn_01x02" description="Generic connector, single row, 01x02, script generated (kicad-library-utils/schlib/autogen/connector/)"/>
      <sheetpath names="/output/" tstamps="/606CE17C/"/>
      <tstamp>606FCC41</tstamp>
    </comp>
    <comp ref="D18">
      <value>DIODE</value>
      <footprint>Diode_SMD:D_SMA</footprint>
      <datasheet>~</datasheet>
      <fields>
        <field name="Spice_Netlist_Enabled">Y</field>
        <field name="Spice_Primitive">V</field>
      </fields>
      <libsource lib="Simulation_SPICE" part="DIODE" description="Diode, anode on pin 1, for simulation only!"/>
      <sheetpath names="/output/" tstamps="/606CE17C/"/>
      <tstamp>606FCC49</tstamp>
    </comp>
    <comp ref="R53">
      <value>R_Small</value>
      <footprint>Resistor_SMD:R_0805_2012Metric_Pad1.15x1.40mm_HandSolder</footprint>
      <datasheet>~</datasheet>
      <libsource lib="Device" part="R_Small" description="Resistor, small symbol"/>
      <sheetpath names="/output/" tstamps="/606CE17C/"/>
      <tstamp>606FCC4F</tstamp>
    </comp>
    <comp ref="D14">
      <value>LED</value>
      <footprint>LED_SMD:LED_0805_2012Metric_Pad1.15x1.40mm_HandSolder</footprint>
      <datasheet>~</datasheet>
      <libsource lib="Device" part="LED" description="Light emitting diode"/>
      <sheetpath names="/output/" tstamps="/606CE17C/"/>
      <tstamp>606FCC58</tstamp>
    </comp>
    <comp ref="R61">
      <value>R_Small</value>
      <footprint>Resistor_SMD:R_0805_2012Metric_Pad1.15x1.40mm_HandSolder</footprint>
      <datasheet>~</datasheet>
      <libsource lib="Device" part="R_Small" description="Resistor, small symbol"/>
      <sheetpath names="/output/" tstamps="/606CE17C/"/>
      <tstamp>606FCC5E</tstamp>
    </comp>
    <comp ref="R57">
      <value>R_Small</value>
      <footprint>Resistor_SMD:R_0805_2012Metric_Pad1.15x1.40mm_HandSolder</footprint>
      <datasheet>~</datasheet>
      <libsource lib="Device" part="R_Small" description="Resistor, small symbol"/>
      <sheetpath names="/output/" tstamps="/606CE17C/"/>
      <tstamp>606FCC67</tstamp>
    </comp>
    <comp ref="Q9">
      <value>Q_NMOS_GSD</value>
      <footprint>Package_TO_SOT_SMD:SOT-23</footprint>
      <datasheet>~</datasheet>
      <libsource lib="Device" part="Q_NMOS_GSD" description="N-MOSFET transistor, gate/source/drain"/>
      <sheetpath names="/output/" tstamps="/606CE17C/"/>
      <tstamp>606F9A69</tstamp>
    </comp>
    <comp ref="Q10">
      <value>Q_NMOS_GSD</value>
      <footprint>Package_TO_SOT_SMD:SOT-23</footprint>
      <datasheet>~</datasheet>
      <libsource lib="Device" part="Q_NMOS_GSD" description="N-MOSFET transistor, gate/source/drain"/>
      <sheetpath names="/output/" tstamps="/606CE17C/"/>
      <tstamp>606FF133</tstamp>
    </comp>
    <comp ref="Q7">
      <value>Q_NMOS_GSD</value>
      <footprint>Package_TO_SOT_SMD:SOT-23</footprint>
      <datasheet>~</datasheet>
      <libsource lib="Device" part="Q_NMOS_GSD" description="N-MOSFET transistor, gate/source/drain"/>
      <sheetpath names="/output/" tstamps="/606CE17C/"/>
      <tstamp>60701C56</tstamp>
    </comp>
    <comp ref="Q8">
      <value>Q_NMOS_GSD</value>
      <footprint>Package_TO_SOT_SMD:SOT-23</footprint>
      <datasheet>~</datasheet>
      <libsource lib="Device" part="Q_NMOS_GSD" description="N-MOSFET transistor, gate/source/drain"/>
      <sheetpath names="/output/" tstamps="/606CE17C/"/>
      <tstamp>60704009</tstamp>
    </comp>
  </components>
  <libparts>
    <libpart lib="Connector" part="Barrel_Jack">
      <aliases>
        <alias>Jack-DC</alias>
      </aliases>
      <description>DC Barrel Jack</description>
      <docs>~</docs>
      <footprints>
        <fp>BarrelJack*</fp>
      </footprints>
      <fields>
        <field name="Reference">J</field>
        <field name="Value">Barrel_Jack</field>
      </fields>
      <pins>
        <pin num="1" name="~" type="passive"/>
        <pin num="2" name="~" type="passive"/>
      </pins>
    </libpart>
    <libpart lib="Connector" part="TestPoint">
      <description>test point</description>
      <docs>~</docs>
      <footprints>
        <fp>Pin*</fp>
        <fp>Test*</fp>
      </footprints>
      <fields>
        <field name="Reference">TP</field>
        <field name="Value">TestPoint</field>
      </fields>
      <pins>
        <pin num="1" name="1" type="passive"/>
      </pins>
    </libpart>
    <libpart lib="Connector_Generic" part="Conn_01x02">
      <description>Generic connector, single row, 01x02, script generated (kicad-library-utils/schlib/autogen/connector/)</description>
      <docs>~</docs>
      <footprints>
        <fp>Connector*:*_1x??_*</fp>
      </footprints>
      <fields>
        <field name="Reference">J</field>
        <field name="Value">Conn_01x02</field>
      </fields>
      <pins>
        <pin num="1" name="Pin_1" type="passive"/>
        <pin num="2" name="Pin_2" type="passive"/>
      </pins>
    </libpart>
    <libpart lib="Connector_Generic" part="Conn_01x03">
      <description>Generic connector, single row, 01x03, script generated (kicad-library-utils/schlib/autogen/connector/)</description>
      <docs>~</docs>
      <footprints>
        <fp>Connector*:*_1x??_*</fp>
      </footprints>
      <fields>
        <field name="Reference">J</field>
        <field name="Value">Conn_01x03</field>
      </fields>
      <pins>
        <pin num="1" name="Pin_1" type="passive"/>
        <pin num="2" name="Pin_2" type="passive"/>
        <pin num="3" name="Pin_3" type="passive"/>
      </pins>
    </libpart>
    <libpart lib="Connector_Generic" part="Conn_01x04">
      <description>Generic connector, single row, 01x04, script generated (kicad-library-utils/schlib/autogen/connector/)</description>
      <docs>~</docs>
      <footprints>
        <fp>Connector*:*_1x??_*</fp>
      </footprints>
      <fields>
        <field name="Reference">J</field>
        <field name="Value">Conn_01x04</field>
      </fields>
      <pins>
        <pin num="1" name="Pin_1" type="passive"/>
        <pin num="2" name="Pin_2" type="passive"/>
        <pin num="3" name="Pin_3" type="passive"/>
        <pin num="4" name="Pin_4" type="passive"/>
      </pins>
    </libpart>
    <libpart lib="Connector_Generic" part="Conn_01x05">
      <description>Generic connector, single row, 01x05, script generated (kicad-library-utils/schlib/autogen/connector/)</description>
      <docs>~</docs>
      <footprints>
        <fp>Connector*:*_1x??_*</fp>
      </footprints>
      <fields>
        <field name="Reference">J</field>
        <field name="Value">Conn_01x05</field>
      </fields>
      <pins>
        <pin num="1" name="Pin_1" type="passive"/>
        <pin num="2" name="Pin_2" type="passive"/>
        <pin num="3" name="Pin_3" type="passive"/>
        <pin num="4" name="Pin_4" type="passive"/>
        <pin num="5" name="Pin_5" type="passive"/>
      </pins>
    </libpart>
    <libpart lib="Device" part="C">
      <description>Unpolarized capacitor</description>
      <docs>~</docs>
      <footprints>
        <fp>C_*</fp>
      </footprints>
      <fields>
        <field name="Reference">C</field>
        <field name="Value">C</field>
      </fields>
      <pins>
        <pin num="1" name="~" type="passive"/>
        <pin num="2" name="~" type="passive"/>
      </pins>
    </libpart>
    <libpart lib="Device" part="CP1">
      <description>Polarized capacitor, US symbol</description>
      <docs>~</docs>
      <footprints>
        <fp>CP_*</fp>
      </footprints>
      <fields>
        <field name="Reference">C</field>
        <field name="Value">CP1</field>
      </fields>
      <pins>
        <pin num="1" name="~" type="passive"/>
        <pin num="2" name="~" type="passive"/>
      </pins>
    </libpart>
    <libpart lib="Device" part="D_TVS">
      <description>Bidirectional transient-voltage-suppression diode</description>
      <docs>~</docs>
      <footprints>
        <fp>TO-???*</fp>
        <fp>*_Diode_*</fp>
        <fp>*SingleDiode*</fp>
        <fp>D_*</fp>
      </footprints>
      <fields>
        <field name="Reference">D</field>
        <field name="Value">D_TVS</field>
      </fields>
      <pins>
        <pin num="1" name="A1" type="passive"/>
        <pin num="2" name="A2" type="passive"/>
      </pins>
    </libpart>
    <libpart lib="Device" part="Fuse">
      <description>Fuse</description>
      <docs>~</docs>
      <footprints>
        <fp>*Fuse*</fp>
      </footprints>
      <fields>
        <field name="Reference">F</field>
        <field name="Value">Fuse</field>
      </fields>
      <pins>
        <pin num="1" name="~" type="passive"/>
        <pin num="2" name="~" type="passive"/>
      </pins>
    </libpart>
    <libpart lib="Device" part="LED">
      <description>Light emitting diode</description>
      <docs>~</docs>
      <footprints>
        <fp>LED*</fp>
        <fp>LED_SMD:*</fp>
        <fp>LED_THT:*</fp>
      </footprints>
      <fields>
        <field name="Reference">D</field>
        <field name="Value">LED</field>
      </fields>
      <pins>
        <pin num="1" name="K" type="passive"/>
        <pin num="2" name="A" type="passive"/>
      </pins>
    </libpart>
    <libpart lib="Device" part="Q_NMOS_GSD">
      <description>N-MOSFET transistor, gate/source/drain</description>
      <docs>~</docs>
      <fields>
        <field name="Reference">Q</field>
        <field name="Value">Q_NMOS_GSD</field>
      </fields>
      <pins>
        <pin num="1" name="G" type="input"/>
        <pin num="2" name="S" type="passive"/>
        <pin num="3" name="D" type="passive"/>
      </pins>
    </libpart>
    <libpart lib="Device" part="Q_PMOS_GDS">
      <description>P-MOSFET transistor, gate/drain/source</description>
      <docs>~</docs>
      <fields>
        <field name="Reference">Q</field>
        <field name="Value">Q_PMOS_GDS</field>
      </fields>
      <pins>
        <pin num="1" name="G" type="input"/>
        <pin num="2" name="D" type="passive"/>
        <pin num="3" name="S" type="passive"/>
      </pins>
    </libpart>
    <libpart lib="Device" part="R_Small">
      <description>Resistor, small symbol</description>
      <docs>~</docs>
      <footprints>
        <fp>R_*</fp>
      </footprints>
      <fields>
        <field name="Reference">R</field>
        <field name="Value">R_Small</field>
      </fields>
      <pins>
        <pin num="1" name="~" type="passive"/>
        <pin num="2" name="~" type="passive"/>
      </pins>
    </libpart>
    <libpart lib="ESP8266" part="ESP-12E">
      <aliases>
        <alias>ESP-12F</alias>
      </aliases>
      <description>ESP8266 ESP-12E module, 22 pins, 2mm, PCB antenna</description>
      <docs>http://l0l.org.uk/2014/12/esp8266-modules-hardware-guide-gotta-catch-em-all/</docs>
      <footprints>
        <fp>ESP-12E</fp>
        <fp>ESP-12E_SMD</fp>
      </footprints>
      <fields>
        <field name="Reference">U</field>
        <field name="Value">ESP-12E</field>
      </fields>
      <pins>
        <pin num="1" name="REST" type="input"/>
        <pin num="2" name="ADC" type="passive"/>
        <pin num="3" name="CH_PD" type="input"/>
        <pin num="4" name="GPIO16" type="BiDi"/>
        <pin num="5" name="GPIO14" type="BiDi"/>
        <pin num="6" name="GPIO12" type="BiDi"/>
        <pin num="7" name="GPIO13" type="BiDi"/>
        <pin num="8" name="VCC" type="power_in"/>
        <pin num="9" name="CS0" type="BiDi"/>
        <pin num="10" name="MISO" type="BiDi"/>
        <pin num="11" name="GPIO9" type="BiDi"/>
        <pin num="12" name="GPIO10" type="BiDi"/>
        <pin num="13" name="MOSI" type="BiDi"/>
        <pin num="14" name="SCLK" type="BiDi"/>
        <pin num="15" name="GND" type="power_in"/>
        <pin num="16" name="GPIO15" type="BiDi"/>
        <pin num="17" name="GPIO2" type="BiDi"/>
        <pin num="18" name="GPIO0" type="BiDi"/>
        <pin num="19" name="GPIO4" type="BiDi"/>
        <pin num="20" name="GPIO5" type="BiDi"/>
        <pin num="21" name="RXD" type="input"/>
        <pin num="22" name="TXD" type="output"/>
      </pins>
    </libpart>
    <libpart lib="IO-CARD_REV_D-1-cache" part="Regulator_Linear_AZ1117-3.3">
      <aliases>
        <alias>AZ1117-1.5</alias>
        <alias>AZ1117-1.8</alias>
        <alias>AZ1117-2.5</alias>
        <alias>AZ1117-2.85</alias>
        <alias>AZ1117-3.3</alias>
        <alias>AZ1117-5.0</alias>
      </aliases>
      <footprints>
        <fp>SOT?223*</fp>
        <fp>SOT?89*</fp>
        <fp>TO?220*</fp>
        <fp>TO?252*</fp>
        <fp>TO?263*</fp>
      </footprints>
      <fields>
        <field name="Reference">U</field>
        <field name="Value">Regulator_Linear_AZ1117-3.3</field>
      </fields>
      <pins>
        <pin num="1" name="GND" type="power_in"/>
        <pin num="2" name="VO" type="power_out"/>
        <pin num="3" name="VI" type="power_in"/>
      </pins>
    </libpart>
    <libpart lib="Isolator" part="PC817">
      <description>DC Optocoupler, Vce 35V, CTR 50-300%, DIP4</description>
      <docs>http://www.soselectronic.cz/a_info/resource/d/pc817.pdf</docs>
      <footprints>
        <fp>DIP*W7.62mm*</fp>
      </footprints>
      <fields>
        <field name="Reference">U</field>
        <field name="Value">PC817</field>
        <field name="Footprint">Package_DIP:DIP-4_W7.62mm</field>
      </fields>
      <pins>
        <pin num="1" name="~" type="passive"/>
        <pin num="2" name="~" type="passive"/>
        <pin num="3" name="~" type="passive"/>
        <pin num="4" name="~" type="passive"/>
      </pins>
    </libpart>
    <libpart lib="Mechanical" part="MountingHole">
      <description>Mounting Hole without connection</description>
      <docs>~</docs>
      <footprints>
        <fp>MountingHole*</fp>
      </footprints>
      <fields>
        <field name="Reference">H</field>
        <field name="Value">MountingHole</field>
      </fields>
    </libpart>
    <libpart lib="Mechanical" part="MountingHole_Pad">
      <description>Mounting Hole with connection</description>
      <docs>~</docs>
      <footprints>
        <fp>MountingHole*Pad*</fp>
      </footprints>
      <fields>
        <field name="Reference">H</field>
        <field name="Value">MountingHole_Pad</field>
      </fields>
      <pins>
        <pin num="1" name="1" type="input"/>
      </pins>
    </libpart>
    <libpart lib="Regulator_Linear" part="L7805">
      <aliases>
        <alias>L7806</alias>
        <alias>L7808</alias>
        <alias>L7885</alias>
        <alias>L7809</alias>
        <alias>L7812</alias>
        <alias>L7815</alias>
        <alias>L7818</alias>
        <alias>L7824</alias>
      </aliases>
      <description>Positive 1.5A 35V Linear Regulator, Fixed Output 5V, TO-220/TO-263/TO-252</description>
      <docs>http://www.st.com/content/ccc/resource/technical/document/datasheet/41/4f/b3/b0/12/d4/47/88/CD00000444.pdf/files/CD00000444.pdf/jcr:content/translations/en.CD00000444.pdf</docs>
      <footprints>
        <fp>TO?252*</fp>
        <fp>TO?263*</fp>
        <fp>TO?220*</fp>
      </footprints>
      <fields>
        <field name="Reference">U</field>
        <field name="Value">L7805</field>
      </fields>
      <pins>
        <pin num="1" name="IN" type="power_in"/>
        <pin num="2" name="GND" type="power_in"/>
        <pin num="3" name="OUT" type="power_out"/>
      </pins>
    </libpart>
    <libpart lib="Simulation_SPICE" part="DIODE">
      <description>Diode, anode on pin 1, for simulation only!</description>
      <docs>~</docs>
      <fields>
        <field name="Reference">D</field>
        <field name="Value">DIODE</field>
        <field name="Spice_Netlist_Enabled">Y</field>
        <field name="Spice_Primitive">V</field>
      </fields>
      <pins>
        <pin num="1" name="A" type="passive"/>
        <pin num="2" name="K" type="passive"/>
      </pins>
    </libpart>
    <libpart lib="Switch" part="SW_DPDT_x2">
      <description>Switch, dual pole double throw, separate symbols</description>
      <docs>~</docs>
      <footprints>
        <fp>SW*DPDT*</fp>
      </footprints>
      <fields>
        <field name="Reference">SW</field>
        <field name="Value">SW_DPDT_x2</field>
      </fields>
      <pins>
        <pin num="1" name="A" type="passive"/>
        <pin num="2" name="B" type="passive"/>
        <pin num="3" name="C" type="passive"/>
        <pin num="4" name="A" type="passive"/>
        <pin num="5" name="B" type="passive"/>
        <pin num="6" name="C" type="passive"/>
      </pins>
    </libpart>
    <libpart lib="Switch" part="SW_Push">
      <description>Push button switch, generic, two pins</description>
      <docs>~</docs>
      <fields>
        <field name="Reference">SW</field>
        <field name="Value">SW_Push</field>
      </fields>
      <pins>
        <pin num="1" name="1" type="passive"/>
        <pin num="2" name="2" type="passive"/>
      </pins>
    </libpart>
    <libpart lib="pspice" part="DIODE">
      <description>Diode symbol for simulation only. Pin order incompatible with official kicad footprints</description>
      <docs>~</docs>
      <fields>
        <field name="Reference">D</field>
        <field name="Value">DIODE</field>
      </fields>
      <pins>
        <pin num="1" name="K" type="input"/>
        <pin num="2" name="A" type="input"/>
      </pins>
    </libpart>
  </libparts>
  <libraries>
    <library logical="Connector">
      <uri>C:\Program Files (x86)\KiCad\share\kicad\library/Connector.lib</uri>
    </library>
    <library logical="Connector_Generic">
      <uri>C:\Program Files (x86)\KiCad\share\kicad\library/Connector_Generic.lib</uri>
    </library>
    <library logical="Device">
      <uri>C:\Program Files (x86)\KiCad\share\kicad\library/Device.lib</uri>
    </library>
    <library logical="ESP8266">
      <uri>D:/Ki cad projects/Footprint Library/kicad-ESP8266-master/ESP8266.lib</uri>
    </library>
    <library logical="IO-CARD_REV_D-1-cache">
      <uri>D:/Ki cad projects/IO-CARD REV E nh/IO-CARD REV D-1-cache.lib</uri>
    </library>
    <library logical="Isolator">
      <uri>C:\Program Files (x86)\KiCad\share\kicad\library/Isolator.lib</uri>
    </library>
    <library logical="Mechanical">
      <uri>C:\Program Files (x86)\KiCad\share\kicad\library/Mechanical.lib</uri>
    </library>
    <library logical="Regulator_Linear">
      <uri>C:\Program Files (x86)\KiCad\share\kicad\library/Regulator_Linear.lib</uri>
    </library>
    <library logical="Simulation_SPICE">
      <uri>C:\Program Files (x86)\KiCad\share\kicad\library/Simulation_SPICE.lib</uri>
    </library>
    <library logical="Switch">
      <uri>C:\Program Files (x86)\KiCad\share\kicad\library/Switch.lib</uri>
    </library>
    <library logical="pspice">
      <uri>C:\Program Files (x86)\KiCad\share\kicad\library/pspice.lib</uri>
    </library>
  </libraries>
  <nets>
    <net code="1" name="Net-(J2-Pad2)">
      <node ref="J2" pin="2"/>
      <node ref="U4" pin="22"/>
    </net>
    <net code="2" name="VINFROMSCADA4">
      <node ref="R35" pin="1"/>
      <node ref="U4" pin="7"/>
      <node ref="U7" pin="4"/>
    </net>
    <net code="3" name="R1">
      <node ref="U4" pin="9"/>
      <node ref="R46" pin="2"/>
    </net>
    <net code="4" name="R2">
      <node ref="R47" pin="2"/>
      <node ref="U4" pin="10"/>
    </net>
    <net code="5" name="3V3_UP">
      <node ref="R65" pin="1"/>
      <node ref="J2" pin="1"/>
      <node ref="U4" pin="8"/>
      <node ref="R29" pin="1"/>
      <node ref="R21" pin="2"/>
      <node ref="D7" pin="2"/>
      <node ref="R9" pin="2"/>
      <node ref="C1" pin="1"/>
      <node ref="U3" pin="2"/>
      <node ref="J3" pin="3"/>
      <node ref="R1" pin="2"/>
      <node ref="R64" pin="1"/>
      <node ref="TP2" pin="1"/>
      <node ref="R24" pin="2"/>
    </net>
    <net code="6" name="R3">
      <node ref="R44" pin="2"/>
      <node ref="U4" pin="11"/>
    </net>
    <net code="7" name="R4">
      <node ref="R45" pin="2"/>
      <node ref="U4" pin="12"/>
    </net>
    <net code="8" name="3V3">
      <node ref="R13" pin="2"/>
      <node ref="R49" pin="2"/>
      <node ref="R30" pin="2"/>
      <node ref="R11" pin="2"/>
      <node ref="R34" pin="2"/>
      <node ref="R41" pin="2"/>
      <node ref="R40" pin="2"/>
      <node ref="R42" pin="1"/>
      <node ref="R14" pin="2"/>
      <node ref="R51" pin="2"/>
      <node ref="R28" pin="2"/>
      <node ref="R31" pin="2"/>
      <node ref="R27" pin="2"/>
      <node ref="R8" pin="2"/>
      <node ref="R17" pin="2"/>
      <node ref="R16" pin="2"/>
      <node ref="R50" pin="2"/>
      <node ref="R32" pin="2"/>
      <node ref="R35" pin="2"/>
      <node ref="R43" pin="1"/>
      <node ref="R29" pin="2"/>
      <node ref="R48" pin="2"/>
      <node ref="R33" pin="2"/>
      <node ref="R10" pin="2"/>
      <node ref="R7" pin="2"/>
    </net>
    <net code="9" name="Net-(J4-Pad3)">
      <node ref="J4" pin="3"/>
      <node ref="R36" pin="2"/>
    </net>
    <net code="10" name="5V">
      <node ref="J4" pin="1"/>
      <node ref="J5" pin="1"/>
      <node ref="C4" pin="1"/>
      <node ref="U5" pin="3"/>
      <node ref="C5" pin="1"/>
      <node ref="TP3" pin="1"/>
      <node ref="D8" pin="2"/>
    </net>
    <net code="11" name="GND">
      <node ref="D6" pin="1"/>
      <node ref="U6" pin="3"/>
      <node ref="R5" pin="1"/>
      <node ref="J5" pin="2"/>
      <node ref="U5" pin="2"/>
      <node ref="U7" pin="3"/>
      <node ref="U2" pin="3"/>
      <node ref="J3" pin="4"/>
      <node ref="U3" pin="1"/>
      <node ref="U1" pin="3"/>
      <node ref="J2" pin="4"/>
      <node ref="C2" pin="2"/>
      <node ref="R23" pin="1"/>
      <node ref="R18" pin="1"/>
      <node ref="D2" pin="2"/>
      <node ref="D1" pin="1"/>
      <node ref="R22" pin="1"/>
      <node ref="C1" pin="2"/>
      <node ref="R26" pin="1"/>
      <node ref="J1" pin="2"/>
      <node ref="R4" pin="1"/>
      <node ref="Q1" pin="2"/>
      <node ref="R59" pin="2"/>
      <node ref="U4" pin="15"/>
      <node ref="Q3" pin="2"/>
      <node ref="Q2" pin="2"/>
      <node ref="D16" pin="1"/>
      <node ref="D13" pin="1"/>
      <node ref="J4" pin="2"/>
      <node ref="C5" pin="2"/>
      <node ref="C4" pin="2"/>
      <node ref="C3" pin="2"/>
      <node ref="Q4" pin="2"/>
      <node ref="D19" pin="2"/>
      <node ref="R25" pin="2"/>
      <node ref="H5" pin="1"/>
      <node ref="D15" pin="1"/>
      <node ref="R58" pin="2"/>
      <node ref="J9" pin="2"/>
      <node ref="D17" pin="1"/>
      <node ref="J6" pin="2"/>
      <node ref="SW1" pin="1"/>
      <node ref="J8" pin="2"/>
      <node ref="R56" pin="2"/>
      <node ref="R39" pin="1"/>
      <node ref="D18" pin="1"/>
      <node ref="J7" pin="2"/>
      <node ref="R38" pin="1"/>
      <node ref="D20" pin="1"/>
      <node ref="J10" pin="5"/>
      <node ref="R57" pin="2"/>
      <node ref="D14" pin="1"/>
      <node ref="Q6" pin="2"/>
      <node ref="SW3" pin="2"/>
      <node ref="Q5" pin="2"/>
      <node ref="Q9" pin="2"/>
      <node ref="Q10" pin="2"/>
      <node ref="Q8" pin="2"/>
      <node ref="Q7" pin="2"/>
    </net>
    <net code="12" name="Net-(Q6-Pad1)">
      <node ref="R37" pin="1"/>
      <node ref="R39" pin="2"/>
      <node ref="Q6" pin="1"/>
    </net>
    <net code="13" name="Net-(D12-Pad2)">
      <node ref="R43" pin="2"/>
      <node ref="D12" pin="2"/>
    </net>
    <net code="14" name="Net-(R25-Pad1)">
      <node ref="R25" pin="1"/>
      <node ref="U4" pin="16"/>
    </net>
    <net code="15" name="Net-(R12-Pad1)">
      <node ref="U4" pin="2"/>
      <node ref="R12" pin="1"/>
    </net>
    <net code="16" name="Net-(R12-Pad2)">
      <node ref="R12" pin="2"/>
    </net>
    <net code="17" name="Net-(R9-Pad1)">
      <node ref="U4" pin="3"/>
      <node ref="R9" pin="1"/>
    </net>
    <net code="18" name="Net-(D10-Pad2)">
      <node ref="D10" pin="2"/>
      <node ref="R33" pin="1"/>
    </net>
    <net code="19" name="Net-(D9-Pad1)">
      <node ref="D9" pin="1"/>
      <node ref="U6" pin="2"/>
      <node ref="Q3" pin="3"/>
      <node ref="R27" pin="1"/>
    </net>
    <net code="20" name="Net-(D9-Pad2)">
      <node ref="D9" pin="2"/>
      <node ref="R32" pin="1"/>
    </net>
    <net code="21" name="Net-(D4-Pad2)">
      <node ref="R14" pin="1"/>
      <node ref="D4" pin="2"/>
    </net>
    <net code="22" name="Net-(D3-Pad2)">
      <node ref="D3" pin="2"/>
      <node ref="R13" pin="1"/>
    </net>
    <net code="23" name="VIN2">
      <node ref="R3" pin="2"/>
      <node ref="J10" pin="2"/>
    </net>
    <net code="24" name="VIN1">
      <node ref="J10" pin="1"/>
      <node ref="R2" pin="2"/>
    </net>
    <net code="25" name="VIN3">
      <node ref="J10" pin="3"/>
      <node ref="R19" pin="2"/>
    </net>
    <net code="26" name="VIN4">
      <node ref="R20" pin="2"/>
      <node ref="J10" pin="4"/>
    </net>
    <net code="27" name="Net-(R65-Pad2)">
      <node ref="R65" pin="2"/>
      <node ref="U4" pin="17"/>
    </net>
    <net code="28" name="Net-(R64-Pad2)">
      <node ref="U4" pin="18"/>
      <node ref="SW3" pin="1"/>
      <node ref="R64" pin="2"/>
    </net>
    <net code="29" name="Net-(D10-Pad1)">
      <node ref="Q4" pin="3"/>
      <node ref="U7" pin="2"/>
      <node ref="D10" pin="1"/>
      <node ref="R28" pin="1"/>
    </net>
    <net code="30" name="flow_pulse01">
      <node ref="R41" pin="1"/>
      <node ref="Q6" pin="3"/>
      <node ref="U4" pin="13"/>
      <node ref="D12" pin="1"/>
    </net>
    <net code="31" name="Net-(D1-Pad2)">
      <node ref="D1" pin="2"/>
      <node ref="R6" pin="1"/>
    </net>
    <net code="32" name="Net-(D5-Pad2)">
      <node ref="SW2" pin="2"/>
      <node ref="SW2" pin="5"/>
      <node ref="D5" pin="2"/>
    </net>
    <net code="33" name="Net-(Q5-Pad1)">
      <node ref="R38" pin="2"/>
      <node ref="R36" pin="1"/>
      <node ref="Q5" pin="1"/>
    </net>
    <net code="34" name="flow_pulse02">
      <node ref="D11" pin="1"/>
      <node ref="R40" pin="1"/>
      <node ref="U4" pin="14"/>
      <node ref="Q5" pin="3"/>
    </net>
    <net code="35" name="Net-(D11-Pad2)">
      <node ref="D11" pin="2"/>
      <node ref="R42" pin="2"/>
    </net>
    <net code="36" name="Net-(D6-Pad2)">
      <node ref="D6" pin="2"/>
      <node ref="R15" pin="1"/>
    </net>
    <net code="37" name="Net-(R15-Pad2)">
      <node ref="SW2" pin="1"/>
      <node ref="R15" pin="2"/>
      <node ref="SW2" pin="4"/>
    </net>
    <net code="38" name="Net-(J5-Pad3)">
      <node ref="J5" pin="3"/>
      <node ref="R37" pin="2"/>
    </net>
    <net code="39" name="Net-(R1-Pad1)">
      <node ref="R1" pin="1"/>
      <node ref="U4" pin="1"/>
      <node ref="SW1" pin="2"/>
    </net>
    <net code="40" name="SCL">
      <node ref="J3" pin="2"/>
      <node ref="R24" pin="1"/>
      <node ref="U4" pin="20"/>
    </net>
    <net code="41" name="SDA">
      <node ref="R21" pin="1"/>
      <node ref="U4" pin="19"/>
      <node ref="J3" pin="1"/>
    </net>
    <net code="42" name="Net-(D7-Pad1)">
      <node ref="R18" pin="2"/>
      <node ref="D7" pin="1"/>
    </net>
    <net code="43" name="Net-(D4-Pad1)">
      <node ref="U1" pin="2"/>
      <node ref="Q1" pin="3"/>
      <node ref="R7" pin="1"/>
      <node ref="D4" pin="1"/>
    </net>
    <net code="44" name="Net-(D8-Pad1)">
      <node ref="R26" pin="2"/>
      <node ref="D8" pin="1"/>
    </net>
    <net code="45" name="24V">
      <node ref="SW2" pin="6"/>
      <node ref="Q14" pin="3"/>
      <node ref="Q13" pin="3"/>
      <node ref="Q12" pin="3"/>
      <node ref="U3" pin="3"/>
      <node ref="C2" pin="1"/>
      <node ref="Q11" pin="3"/>
      <node ref="SW2" pin="3"/>
      <node ref="TP1" pin="1"/>
      <node ref="C3" pin="1"/>
      <node ref="U5" pin="1"/>
      <node ref="R6" pin="2"/>
    </net>
    <net code="46" name="VINFROMSCADA2">
      <node ref="R17" pin="1"/>
      <node ref="U2" pin="4"/>
      <node ref="U4" pin="5"/>
    </net>
    <net code="47" name="Net-(Q1-Pad1)">
      <node ref="R4" pin="2"/>
      <node ref="Q1" pin="1"/>
      <node ref="R2" pin="1"/>
    </net>
    <net code="48" name="Net-(J2-Pad3)">
      <node ref="J2" pin="3"/>
      <node ref="U4" pin="21"/>
    </net>
    <net code="49" name="Net-(R10-Pad1)">
      <node ref="R10" pin="1"/>
      <node ref="U1" pin="1"/>
    </net>
    <net code="50" name="VINFROMSCADA1">
      <node ref="U4" pin="4"/>
      <node ref="U1" pin="4"/>
      <node ref="R16" pin="1"/>
    </net>
    <net code="51" name="VINFROMSCADA3">
      <node ref="U6" pin="4"/>
      <node ref="R34" pin="1"/>
      <node ref="U4" pin="6"/>
    </net>
    <net code="52" name="Net-(F1-Pad2)">
      <node ref="J1" pin="1"/>
      <node ref="F1" pin="2"/>
    </net>
    <net code="53" name="Net-(D2-Pad1)">
      <node ref="D2" pin="1"/>
      <node ref="D5" pin="1"/>
      <node ref="F1" pin="1"/>
    </net>
    <net code="54" name="Net-(R31-Pad1)">
      <node ref="R31" pin="1"/>
      <node ref="U7" pin="1"/>
    </net>
    <net code="55" name="Net-(Q3-Pad1)">
      <node ref="Q3" pin="1"/>
      <node ref="R19" pin="1"/>
      <node ref="R22" pin="2"/>
    </net>
    <net code="56" name="Net-(Q4-Pad1)">
      <node ref="R23" pin="2"/>
      <node ref="Q4" pin="1"/>
      <node ref="R20" pin="1"/>
    </net>
    <net code="57" name="Net-(D3-Pad1)">
      <node ref="R8" pin="1"/>
      <node ref="U2" pin="2"/>
      <node ref="Q2" pin="3"/>
      <node ref="D3" pin="1"/>
    </net>
    <net code="58" name="Net-(R11-Pad1)">
      <node ref="R11" pin="1"/>
      <node ref="U2" pin="1"/>
    </net>
    <net code="59" name="Net-(R30-Pad1)">
      <node ref="R30" pin="1"/>
      <node ref="U6" pin="1"/>
    </net>
    <net code="60" name="Net-(Q2-Pad1)">
      <node ref="Q2" pin="1"/>
      <node ref="R5" pin="2"/>
      <node ref="R3" pin="1"/>
    </net>
    <net code="61" name="Net-(Q8-Pad3)">
      <node ref="R53" pin="1"/>
      <node ref="Q8" pin="3"/>
      <node ref="R49" pin="1"/>
    </net>
    <net code="62" name="Net-(D14-Pad2)">
      <node ref="D14" pin="2"/>
      <node ref="R61" pin="1"/>
    </net>
    <net code="63" name="Net-(Q12-Pad1)">
      <node ref="R53" pin="2"/>
      <node ref="Q12" pin="1"/>
    </net>
    <net code="64" name="Net-(D18-Pad2)">
      <node ref="J7" pin="1"/>
      <node ref="Q12" pin="2"/>
      <node ref="D18" pin="2"/>
      <node ref="R61" pin="2"/>
      <node ref="R57" pin="1"/>
    </net>
    <net code="65" name="Net-(D17-Pad2)">
      <node ref="R56" pin="1"/>
      <node ref="D17" pin="2"/>
      <node ref="Q11" pin="2"/>
      <node ref="J6" pin="1"/>
      <node ref="R60" pin="2"/>
    </net>
    <net code="66" name="Net-(Q8-Pad1)">
      <node ref="R45" pin="1"/>
      <node ref="Q8" pin="1"/>
    </net>
    <net code="67" name="Net-(D13-Pad2)">
      <node ref="R60" pin="1"/>
      <node ref="D13" pin="2"/>
    </net>
    <net code="68" name="Net-(Q7-Pad1)">
      <node ref="R44" pin="1"/>
      <node ref="Q7" pin="1"/>
    </net>
    <net code="69" name="Net-(Q10-Pad1)">
      <node ref="R47" pin="1"/>
      <node ref="Q10" pin="1"/>
    </net>
    <net code="70" name="Net-(Q9-Pad1)">
      <node ref="Q9" pin="1"/>
      <node ref="R46" pin="1"/>
    </net>
    <net code="71" name="Net-(D15-Pad2)">
      <node ref="D15" pin="2"/>
      <node ref="R62" pin="1"/>
    </net>
    <net code="72" name="Net-(D19-Pad1)">
      <node ref="D19" pin="1"/>
      <node ref="J8" pin="1"/>
      <node ref="Q13" pin="2"/>
      <node ref="R62" pin="2"/>
      <node ref="R58" pin="1"/>
    </net>
    <net code="73" name="Net-(Q14-Pad1)">
      <node ref="Q14" pin="1"/>
      <node ref="R55" pin="2"/>
    </net>
    <net code="74" name="Net-(Q10-Pad3)">
      <node ref="R55" pin="1"/>
      <node ref="Q10" pin="3"/>
      <node ref="R51" pin="1"/>
    </net>
    <net code="75" name="Net-(Q13-Pad1)">
      <node ref="Q13" pin="1"/>
      <node ref="R54" pin="2"/>
    </net>
    <net code="76" name="Net-(Q9-Pad3)">
      <node ref="Q9" pin="3"/>
      <node ref="R54" pin="1"/>
      <node ref="R50" pin="1"/>
    </net>
    <net code="77" name="Net-(Q7-Pad3)">
      <node ref="R48" pin="1"/>
      <node ref="Q7" pin="3"/>
      <node ref="R52" pin="1"/>
    </net>
    <net code="78" name="Net-(Q11-Pad1)">
      <node ref="R52" pin="2"/>
      <node ref="Q11" pin="1"/>
    </net>
    <net code="79" name="Net-(D16-Pad2)">
      <node ref="R63" pin="1"/>
      <node ref="D16" pin="2"/>
    </net>
    <net code="80" name="Net-(D20-Pad2)">
      <node ref="R63" pin="2"/>
      <node ref="J9" pin="1"/>
      <node ref="Q14" pin="2"/>
      <node ref="D20" pin="2"/>
      <node ref="R59" pin="1"/>
    </net>
  </nets>
</export>
